subj_id,visit,dx_code,panss_total,cpz_mg_day
SYN_A_0001,1,0,8,50.0
SYN_A_0002,2,1,11,52.5
SYN_A_0003,3,0,14,55.0
SYN_A_0004,1,1,17,57.5
SYN_A_0005,2,0,20,60.0
SYN_A_0006,3,1,23,62.5
SYN_A_0007,1,0,26,65.0
SYN_A_0008,2,1,29,67.5
SYN_A_0009,3,0,32,70.0
SYN_A_0010,1,1,35,72.5
SYN_A_0011,2,0,10,75.0
SYN_A_0012,3,1,13,77.5
SYN_A_0013,1,0,16,80.0
SYN_A_0014,2,1,19,82.5
SYN_A_0015,3,0,22,85.0
SYN_A_0016,1,1,25,87.5
SYN_A_0017,2,0,28,90.0
SYN_A_0018,3,1,31,92.5
SYN_A_0019,1,0,34,95.0
SYN_A_0020,2,1,9,97.5
SYN_A_0021,3,0,12,100.0
SYN_A_0022,1,1,15,102.5
SYN_A_0023,2,0,18,105.0
SYN_A_0024,3,1,21,107.5
SYN_A_0025,1,0,24,110.0
SYN_A_0026,2,1,27,112.5
SYN_A_0027,3,0,30,115.0
SYN_A_0028,1,1,33,117.5
SYN_A_0029,2,0,8,120.0
SYN_A_0030,3,1,11,122.5
SYN_A_0031,1,0,14,125.0
SYN_A_0032,2,1,17,127.5
SYN_A_0033,3,0,20,130.0
SYN_A_0034,1,1,23,132.5
SYN_A_0035,2,0,26,135.0
SYN_A_0036,3,1,29,137.5
SYN_A_0037,1,0,32,140.0
SYN_A_0038,2,1,35,142.5
SYN_A_0039,3,0,10,145.0
SYN_A_0040,1,1,13,147.5
SYN_A_0041,2,0,16,150.0
SYN_A_0042,3,1,19,152.5
SYN_A_0043,1,0,22,155.0
SYN_A_0044,2,1,25,157.5
SYN_A_0045,3,0,28,160.0
SYN_A_0046,1,1,31,162.5
SYN_A_0047,2,0,34,165.0
SYN_A_0048,3,1,9,167.5
SYN_A_0049,1,0,12,170.0
SYN_A_0050,2,1,15,172.5
SYN_A_0051,3,0,18,175.0
SYN_A_0052,1,1,21,177.5
SYN_A_0053,2,0,24,180.0
SYN_A_0054,3,1,27,182.5
SYN_A_0055,1,0,30,185.0
SYN_A_0056,2,1,33,187.5
SYN_A_0057,3,0,8,190.0
SYN_A_0058,1,1,11,192.5
SYN_A_0059,2,0,14,195.0
SYN_A_0060,3,1,17,197.5
