participant_code,age_years,sex_code,site
SYN_A_0001,27,2,A
SYN_A_0002,34,1,A
SYN_A_0003,41,2,A
SYN_A_0004,48,1,A
SYN_A_0005,55,2,A
SYN_A_0006,62,1,A
SYN_A_0007,24,2,A
SYN_A_0008,31,1,A
SYN_A_0009,38,2,A
SYN_A_0010,45,1,A
SYN_A_0011,52,2,A
SYN_A_0012,59,1,A
SYN_A_0013,21,2,A
SYN_A_0014,28,1,A
SYN_A_0015,35,2,A
SYN_A_0016,42,1,A
SYN_A_0017,49,2,A
SYN_A_0018,56,1,A
SYN_A_0019,63,2,A
SYN_A_0020,25,1,A
SYN_A_0021,32,2,A
SYN_A_0022,39,1,A
SYN_A_0023,46,2,A
SYN_A_0024,53,1,A
SYN_A_0025,60,2,A
SYN_A_0026,22,1,A
SYN_A_0027,29,2,A
SYN_A_0028,36,1,A
SYN_A_0029,43,2,A
SYN_A_0030,50,1,A
SYN_A_0031,57,2,A
SYN_A_0032,64,1,A
SYN_A_0033,26,2,A
SYN_A_0034,33,1,A
SYN_A_0035,40,2,A
SYN_A_0036,47,1,A
SYN_A_0037,54,2,A
SYN_A_0038,61,1,A
SYN_A_0039,23,2,A
SYN_A_0040,30,1,A
SYN_A_0041,37,2,A
SYN_A_0042,44,1,A
SYN_A_0043,51,2,A
SYN_A_0044,58,1,A
SYN_A_0045,20,2,A
SYN_A_0046,27,1,A
SYN_A_0047,34,2,A
SYN_A_0048,41,1,A
SYN_A_0049,48,2,A
SYN_A_0050,55,1,A
SYN_A_0051,62,2,A
SYN_A_0052,24,1,A
SYN_A_0053,31,2,A
SYN_A_0054,38,1,A
SYN_A_0055,45,2,A
SYN_A_0056,52,1,A
SYN_A_0057,59,2,A
SYN_A_0058,21,1,A
SYN_A_0059,28,2,A
SYN_A_0060,35,1,A
