ID,Age,Sex,PANSS_total,CPZ
SYN_A_0001,27,2,8,50.0
SYN_A_0002,34,1,11,52.5
SYN_A_0003,41,2,14,55.0
SYN_A_0004,48,1,17,57.5
SYN_A_0005,55,2,20,60.0
SYN_A_0006,62,1,23,62.5
SYN_A_0007,24,2,26,65.0
SYN_A_0008,31,1,29,67.5
SYN_A_0009,38,2,32,70.0
SYN_A_0010,45,1,35,72.5
SYN_A_0011,52,2,10,75.0
SYN_A_0012,59,1,13,77.5
SYN_A_0013,21,2,16,80.0
SYN_A_0014,28,1,19,82.5
SYN_A_0015,35,2,22,85.0
SYN_A_0016,42,1,25,87.5
SYN_A_0017,49,2,28,90.0
SYN_A_0018,56,1,31,92.5
SYN_A_0019,63,2,34,95.0
SYN_A_0020,25,1,9,97.5
SYN_A_0021,32,2,12,100.0
SYN_A_0022,39,1,15,102.5
SYN_A_0023,46,2,18,105.0
SYN_A_0024,53,1,21,107.5
SYN_A_0025,60,2,24,110.0
SYN_A_0026,22,1,27,112.5
SYN_A_0027,29,2,30,115.0
SYN_A_0028,36,1,33,117.5
SYN_A_0029,43,2,8,120.0
SYN_A_0030,50,1,11,122.5
SYN_A_0031,57,2,14,125.0
SYN_A_0032,64,1,17,127.5
SYN_A_0033,26,2,20,130.0
SYN_A_0034,33,1,23,132.5
SYN_A_0035,40,2,26,135.0
SYN_A_0036,47,1,29,137.5
SYN_A_0037,54,2,32,140.0
SYN_A_0038,61,1,35,142.5
SYN_A_0039,23,2,10,145.0
SYN_A_0040,30,1,13,147.5
SYN_A_0041,37,2,16,150.0
SYN_A_0042,44,1,19,152.5
SYN_A_0043,51,2,22,155.0
SYN_A_0044,58,1,25,157.5
SYN_A_0045,20,2,28,160.0
SYN_A_0046,27,1,31,162.5
SYN_A_0047,34,2,34,165.0
SYN_A_0048,41,1,9,167.5
SYN_A_0049,48,2,12,170.0
SYN_A_0050,55,1,15,172.5
SYN_A_0051,62,2,18,175.0
SYN_A_0052,24,1,21,177.5
SYN_A_0053,31,2,24,180.0
SYN_A_0054,38,1,27,182.5
SYN_A_0055,45,2,30,185.0
SYN_A_0056,52,1,33,187.5
SYN_A_0057,59,2,8,190.0
SYN_A_0058,21,1,11,192.5
SYN_A_0059,28,2,14,195.0
SYN_A_0060,35,1,17,197.5
