participant_code,row_index,edge_001,edge_002
SYN_A_0001,0,0.100,0.200
SYN_A_0002,1,0.110,0.210
SYN_A_0003,2,0.120,0.220
SYN_A_0004,3,0.130,0.230
SYN_A_0005,4,0.140,0.240
SYN_A_0006,5,0.150,0.250
SYN_A_0007,6,0.160,0.260
SYN_A_0008,7,0.170,0.270
SYN_A_0009,8,0.180,0.280
SYN_A_0010,9,0.190,0.290
SYN_A_0011,10,0.200,0.300
SYN_A_0012,11,0.210,0.200
SYN_A_0013,12,0.220,0.210
SYN_A_0014,13,0.230,0.220
SYN_A_0015,14,0.240,0.230
SYN_A_0016,15,0.250,0.240
SYN_A_0017,16,0.260,0.250
SYN_A_0018,17,0.270,0.260
SYN_A_0019,18,0.280,0.270
SYN_A_0020,19,0.290,0.280
SYN_A_0021,20,0.300,0.290
SYN_A_0022,21,0.310,0.300
SYN_A_0023,22,0.320,0.200
SYN_A_0024,23,0.330,0.210
SYN_A_0025,24,0.340,0.220
SYN_A_0026,25,0.350,0.230
SYN_A_0027,26,0.360,0.240
SYN_A_0028,27,0.370,0.250
SYN_A_0029,28,0.380,0.260
SYN_A_0030,29,0.390,0.270
SYN_A_0031,30,0.400,0.280
SYN_A_0032,31,0.410,0.290
SYN_A_0033,32,0.420,0.300
SYN_A_0034,33,0.430,0.200
SYN_A_0035,34,0.440,0.210
SYN_A_0036,35,0.450,0.220
SYN_A_0037,36,0.460,0.230
SYN_A_0038,37,0.470,0.240
SYN_A_0039,38,0.480,0.250
SYN_A_0040,39,0.490,0.260
SYN_A_0041,40,0.500,0.270
SYN_A_0042,41,0.510,0.280
SYN_A_0043,42,0.520,0.290
SYN_A_0044,43,0.530,0.300
SYN_A_0045,44,0.540,0.200
SYN_A_0046,45,0.550,0.210
SYN_A_0047,46,0.560,0.220
SYN_A_0048,47,0.570,0.230
SYN_A_0049,48,0.580,0.240
SYN_A_0050,49,0.590,0.250
SYN_A_0051,50,0.600,0.260
SYN_A_0052,51,0.610,0.270
SYN_A_0053,52,0.620,0.280
SYN_A_0054,53,0.630,0.290
SYN_A_0055,54,0.640,0.300
SYN_A_0056,55,0.650,0.200
SYN_A_0057,56,0.660,0.210
SYN_A_0058,57,0.670,0.220
SYN_A_0059,58,0.680,0.230
SYN_A_0060,59,0.690,0.240
